Workbook

Sheet Сводка
A1: Продвижение @ivbaby_official — сводка
A2: Данные берутся из листа «Динамика»: последний и предыдущий замер каждого аккаунта. Новые строки добавляет автозадание; вручную можно дописать строку с датой и подписчиками (синие цифры на листе «Динамика»).
A4: Аккаунт | B4: Подписчики сейчас | C4: Предыдущий замер | D4: Прирост | E4: Прирост, % | F4: Публикаций (02.10) | G4: Дата замера
A5: @ivbaby_official | B5: =IFERROR(INDEX(Динамика!$B$2:$B$400,SUMPRODUCT(LARGE((Динамика!$B$2:$B$400<>"")*(ROW(Динамика!$B$2:$B$400)-1),1))),"") | C5: =IFERROR(IF(SUMPRODUCT(LARGE((Динамика!$B$2:$B$400<>"")*(ROW(Динамика!$B$2:$B$400)-1),2))>0,INDEX(Динамика!$B$2:$B$400,SUMPRODUCT(LARGE((Динамика!$B$2:$B$400<>"")*(ROW(Динамика!$B$2:$B$400)-1),2))),""),"") | D5: =IF(AND(ISNUMBER(B5),ISNUMBER(C5)),B5-C5,"") | E5: =IF(AND(ISNUMBER(D5),C5>0),D5/C5,"") | F5: 227 | G5: =IFERROR(INDEX(Динамика!$A$2:$A$400,SUMPRODUCT(LARGE((Динамика!$B$2:$B$400<>"")*(ROW(Динамика!$B$2:$B$400)-1),1))),"")
A6: @mjolk.ru | B6: =IFERROR(INDEX(Динамика!$C$2:$C$400,SUMPRODUCT(LARGE((Динамика!$C$2:$C$400<>"")*(ROW(Динамика!$C$2:$C$400)-1),1))),"") | C6: =IFERROR(IF(SUMPRODUCT(LARGE((Динамика!$C$2:$C$400<>"")*(ROW(Динамика!$C$2:$C$400)-1),2))>0,INDEX(Динамика!$C$2:$C$400,SUMPRODUCT(LARGE((Динамика!$C$2:$C$400<>"")*(ROW(Динамика!$C$2:$C$400)-1),2))),""),"") | D6: =IF(AND(ISNUMBER(B6),ISNUMBER(C6)),B6-C6,"") | E6: =IF(AND(ISNUMBER(D6),C6>0),D6/C6,"") | F6: 5407 | G6: =IFERROR(INDEX(Динамика!$A$2:$A$400,SUMPRODUCT(LARGE((Динамика!$C$2:$C$400<>"")*(ROW(Динамика!$C$2:$C$400)-1),1))),"")
A7: @acoolakids | B7: =IFERROR(INDEX(Динамика!$D$2:$D$400,SUMPRODUCT(LARGE((Динамика!$D$2:$D$400<>"")*(ROW(Динамика!$D$2:$D$400)-1),1))),"") | C7: =IFERROR(IF(SUMPRODUCT(LARGE((Динамика!$D$2:$D$400<>"")*(ROW(Динамика!$D$2:$D$400)-1),2))>0,INDEX(Динамика!$D$2:$D$400,SUMPRODUCT(LARGE((Динамика!$D$2:$D$400<>"")*(ROW(Динамика!$D$2:$D$400)-1),2))),""),"") | D7: =IF(AND(ISNUMBER(B7),ISNUMBER(C7)),B7-C7,"") | E7: =IF(AND(ISNUMBER(D7),C7>0),D7/C7,"") | F7: 322 | G7: =IFERROR(INDEX(Динамика!$A$2:$A$400,SUMPRODUCT(LARGE((Динамика!$D$2:$D$400<>"")*(ROW(Динамика!$D$2:$D$400)-1),1))),"")
A8: @gulliver_wear | B8: =IFERROR(INDEX(Динамика!$E$2:$E$400,SUMPRODUCT(LARGE((Динамика!$E$2:$E$400<>"")*(ROW(Динамика!$E$2:$E$400)-1),1))),"") | C8: =IFERROR(IF(SUMPRODUCT(LARGE((Динамика!$E$2:$E$400<>"")*(ROW(Динамика!$E$2:$E$400)-1),2))>0,INDEX(Динамика!$E$2:$E$400,SUMPRODUCT(LARGE((Динамика!$E$2:$E$400<>"")*(ROW(Динамика!$E$2:$E$400)-1),2))),""),"") | D8: =IF(AND(ISNUMBER(B8),ISNUMBER(C8)),B8-C8,"") | E8: =IF(AND(ISNUMBER(D8),C8>0),D8/C8,"") | F8: 5296 | G8: =IFERROR(INDEX(Динамика!$A$2:$A$400,SUMPRODUCT(LARGE((Динамика!$E$2:$E$400<>"")*(ROW(Динамика!$E$2:$E$400)-1),1))),"")
A9: @ostinkids | B9: =IFERROR(INDEX(Динамика!$F$2:$F$400,SUMPRODUCT(LARGE((Динамика!$F$2:$F$400<>"")*(ROW(Динамика!$F$2:$F$400)-1),1))),"") | C9: =IFERROR(IF(SUMPRODUCT(LARGE((Динамика!$F$2:$F$400<>"")*(ROW(Динамика!$F$2:$F$400)-1),2))>0,INDEX(Динамика!$F$2:$F$400,SUMPRODUCT(LARGE((Динамика!$F$2:$F$400<>"")*(ROW(Динамика!$F$2:$F$400)-1),2))),""),"") | D9: =IF(AND(ISNUMBER(B9),ISNUMBER(C9)),B9-C9,"") | E9: =IF(AND(ISNUMBER(D9),C9>0),D9/C9,"") | F9: 1862 | G9: =IFERROR(INDEX(Динамика!$A$2:$A$400,SUMPRODUCT(LARGE((Динамика!$F$2:$F$400<>"")*(ROW(Динамика!$F$2:$F$400)-1),1))),"")
A10: @rudiks.ru | B10: =IFERROR(INDEX(Динамика!$G$2:$G$400,SUMPRODUCT(LARGE((Динамика!$G$2:$G$400<>"")*(ROW(Динамика!$G$2:$G$400)-1),1))),"") | C10: =IFERROR(IF(SUMPRODUCT(LARGE((Динамика!$G$2:$G$400<>"")*(ROW(Динамика!$G$2:$G$400)-1),2))>0,INDEX(Динамика!$G$2:$G$400,SUMPRODUCT(LARGE((Динамика!$G$2:$G$400<>"")*(ROW(Динамика!$G$2:$G$400)-1),2))),""),"") | D10: =IF(AND(ISNUMBER(B10),ISNUMBER(C10)),B10-C10,"") | E10: =IF(AND(ISNUMBER(D10),C10>0),D10/C10,"") | F10: 1656 | G10: =IFERROR(INDEX(Динамика!$A$2:$A$400,SUMPRODUCT(LARGE((Динамика!$G$2:$G$400<>"")*(ROW(Динамика!$G$2:$G$400)-1),1))),"")
A11: @playtoday_official | B11: =IFERROR(INDEX(Динамика!$H$2:$H$400,SUMPRODUCT(LARGE((Динамика!$H$2:$H$400<>"")*(ROW(Динамика!$H$2:$H$400)-1),1))),"") | C11: =IFERROR(IF(SUMPRODUCT(LARGE((Динамика!$H$2:$H$400<>"")*(ROW(Динамика!$H$2:$H$400)-1),2))>0,INDEX(Динамика!$H$2:$H$400,SUMPRODUCT(LARGE((Динамика!$H$2:$H$400<>"")*(ROW(Динамика!$H$2:$H$400)-1),2))),""),"") | D11: =IF(AND(ISNUMBER(B11),ISNUMBER(C11)),B11-C11,"") | E11: =IF(AND(ISNUMBER(D11),C11>0),D11/C11,"") | F11: 2383 | G11: =IFERROR(INDEX(Динамика!$A$2:$A$400,SUMPRODUCT(LARGE((Динамика!$H$2:$H$400<>"")*(ROW(Динамика!$H$2:$H$400)-1),1))),"")
A12: @ohrakids | B12: =IFERROR(INDEX(Динамика!$I$2:$I$400,SUMPRODUCT(LARGE((Динамика!$I$2:$I$400<>"")*(ROW(Динамика!$I$2:$I$400)-1),1))),"") | C12: =IFERROR(IF(SUMPRODUCT(LARGE((Динамика!$I$2:$I$400<>"")*(ROW(Динамика!$I$2:$I$400)-1),2))>0,INDEX(Динамика!$I$2:$I$400,SUMPRODUCT(LARGE((Динамика!$I$2:$I$400<>"")*(ROW(Динамика!$I$2:$I$400)-1),2))),""),"") | D12: =IF(AND(ISNUMBER(B12),ISNUMBER(C12)),B12-C12,"") | E12: =IF(AND(ISNUMBER(D12),C12>0),D12/C12,"") | F12: 330 | G12: =IFERROR(INDEX(Динамика!$A$2:$A$400,SUMPRODUCT(LARGE((Динамика!$I$2:$I$400<>"")*(ROW(Динамика!$I$2:$I$400)-1),1))),"")
A13: @tdbatik | B13: =IFERROR(INDEX(Динамика!$J$2:$J$400,SUMPRODUCT(LARGE((Динамика!$J$2:$J$400<>"")*(ROW(Динамика!$J$2:$J$400)-1),1))),"") | C13: =IFERROR(IF(SUMPRODUCT(LARGE((Динамика!$J$2:$J$400<>"")*(ROW(Динамика!$J$2:$J$400)-1),2))>0,INDEX(Динамика!$J$2:$J$400,SUMPRODUCT(LARGE((Динамика!$J$2:$J$400<>"")*(ROW(Динамика!$J$2:$J$400)-1),2))),""),"") | D13: =IF(AND(ISNUMBER(B13),ISNUMBER(C13)),B13-C13,"") | E13: =IF(AND(ISNUMBER(D13),C13>0),D13/C13,"") | F13: 1856 | G13: =IFERROR(INDEX(Динамика!$A$2:$A$400,SUMPRODUCT(LARGE((Динамика!$J$2:$J$400<>"")*(ROW(Динамика!$J$2:$J$400)-1),1))),"")
A14: @ramelka_baby | B14: =IFERROR(INDEX(Динамика!$K$2:$K$400,SUMPRODUCT(LARGE((Динамика!$K$2:$K$400<>"")*(ROW(Динамика!$K$2:$K$400)-1),1))),"") | C14: =IFERROR(IF(SUMPRODUCT(LARGE((Динамика!$K$2:$K$400<>"")*(ROW(Динамика!$K$2:$K$400)-1),2))>0,INDEX(Динамика!$K$2:$K$400,SUMPRODUCT(LARGE((Динамика!$K$2:$K$400<>"")*(ROW(Динамика!$K$2:$K$400)-1),2))),""),"") | D14: =IF(AND(ISNUMBER(B14),ISNUMBER(C14)),B14-C14,"") | E14: =IF(AND(ISNUMBER(D14),C14>0),D14/C14,"") | F14: 636 | G14: =IFERROR(INDEX(Динамика!$A$2:$A$400,SUMPRODUCT(LARGE((Динамика!$K$2:$K$400<>"")*(ROW(Динамика!$K$2:$K$400)-1),1))),"")
A15: @ozitikids | B15: =IFERROR(INDEX(Динамика!$L$2:$L$400,SUMPRODUCT(LARGE((Динамика!$L$2:$L$400<>"")*(ROW(Динамика!$L$2:$L$400)-1),1))),"") | C15: =IFERROR(IF(SUMPRODUCT(LARGE((Динамика!$L$2:$L$400<>"")*(ROW(Динамика!$L$2:$L$400)-1),2))>0,INDEX(Динамика!$L$2:$L$400,SUMPRODUCT(LARGE((Динамика!$L$2:$L$400<>"")*(ROW(Динамика!$L$2:$L$400)-1),2))),""),"") | D15: =IF(AND(ISNUMBER(B15),ISNUMBER(C15)),B15-C15,"") | E15: =IF(AND(ISNUMBER(D15),C15>0),D15/C15,"") | F15: 89 | G15: =IFERROR(INDEX(Динамика!$A$2:$A$400,SUMPRODUCT(LARGE((Динамика!$L$2:$L$400<>"")*(ROW(Динамика!$L$2:$L$400)-1),1))),"")
A17: Доля Ivbaby от лидера ниши, % | B17: =IFERROR(B5/MAX(B6:B15),"")

Sheet Динамика
A1: Дата | B1: @ivbaby_official | C1: @mjolk.ru | D1: @acoolakids | E1: @gulliver_wear | F1: @ostinkids | G1: @rudiks.ru | H1: @playtoday_official | I1: @ohrakids | J1: @tdbatik | K1: @ramelka_baby | L1: @ozitikids
A2: 46297 | B2: 3227 | C2: 262000 | D2: 206000 | E2: 105000 | F2: 86500 | G2: 81000 | H2: 46700 | I2: 19900 | J2: 17400 | K2: 5041 | L2: 1100
A3: 46299 | B3: 3226
A4: 46301 | B4: 3226
A5: 46302 | B5: 3225
A6: 46304 | B6: 3227
A7: 46306 | B7: 3228
A8: 46308 | B8: 3228
A9: 46309 | B9: 3227
A10: 46311 | B10: 3227
A11: 46313 | B11: 3226
A12: 46314 | B12: 3226
A13: 46316 | B13: 3225
A14: 46318 | B14: 3227
... A17: 46323 | B17: 3222

Sheet Конкуренты
A1: № | B1: Бренд | C1: Аккаунт | D1: Ссылка | E1: Подписчики (последний замер) | F1: Публикаций (02.10) | G1: Сегмент | H1: Что взять для Ivbaby
A2: 1 | B2: Mjölk | C2: @mjolk.ru | D2: https://www.instagram.com/mjolk.ru/ | E2: =Сводка!B6 | F2: 5407 | G2: Малыши и дети, СПб, свой сайт | H2: Полезные шпаргалки («3 слоя на осень», подбор по погоде), призыв «сохраняйте»
A3: 2 | B3: Acoola | C3: @acoolakids | D3: https://www.instagram.com/acoolakids/ | E3: =Сводка!B7 | F3: 322 | G3: Дети 2–14, сеть магазинов | H3: Короткие подписи-вопросы к Reels, бэкстейдж съёмок
A4: 3 | B4: Gulliver | C4: @gulliver_wear | D4: https://www.instagram.com/gulliver_wear/ | E4: =Сводка!B8 | F4: 5296 | G4: Дети и подростки, премиум | H4: Сторителлинг про коллекцию, темы про подростков
A5: 4 | B5: O'STIN kids | C5: @ostinkids | D5: https://www.instagram.com/ostinkids/ | E5: =Сводка!B9 | F5: 1862 | G5: Дети, масс-маркет | H5: Готовые образы «с чем носить», школьная тема
A6: 5 | B6: Rudiks | C6: @rudiks.ru | D6: https://www.instagram.com/rudiks.ru/ | E6: =Сводка!B10 | F6: 1656 | G6: Малыши и дети, свой сайт | H6: Посты от мам-блогеров (UGC), «отправьте подруге», юмор про родителей
A7: 6 | B7: PlayToday | C7: @playtoday_official | D7: https://www.instagram.com/playtoday_official/ | E7: =Сводка!B11 | F7: 2383 | G7: Дети 0–16, магазины | H7: Гиды «как выбрать…», экспертный тон
A8: 7 | B8: Ohra Kids | C8: @ohrakids | D8: https://www.instagram.com/ohrakids/ | E8: =Сводка!B12 | F8: 330 | G8: Девочки, WB + Lamoda | H8: Артикулы WB прямо в подписи, розыгрыши с партнёрами
A9: 8 | B9: Batik | C9: @tdbatik | D9: https://www.instagram.com/tdbatik/ | E9: =Сводка!B13 | F9: 1856 | G9: Дети, Урал, свой сайт | H9: Почти только Reels, family look, короткие подписи
A10: 9 | B10: Ramelka | C10: @ramelka_baby | D10: https://www.instagram.com/ramelka_baby/ | E10: =Сводка!B14 | F10: 636 | G10: Дети 0–12, WB, своё производство | H10: Показ производства, артикулы WB хэштегами
A11: 10 | B11: Oziti kids | C11: @ozitikids | D11: https://www.instagram.com/ozitikids/ | E11: =Сводка!B15 | F11: 89 | G11: Дети 104–146, WB | H11: Голосования «1, 2 или 3?» в комментариях, 3 образа из одной вещи
A13: Источник: открытые профили Instagram, просмотр 02.10.2026. Хэштеги: 7 из 10 брендов не используют их совсем, остальные — 0–5 на пост или артикулы WB.

Sheet Ключевые фразы
A1: Тип | B1: Фраза / хэштег | C1: Где встречается | D1: Используем в Ivbaby
A2: Крючок (1-я строка) | B2: Похолодало? / Заметно похолодало 🍂 | C2: Mjölk | D2: Да
A3: Крючок (1-я строка) | B3: Тот самый костюм, который… | C3: Mjölk, Rudiks | D3: Да
A4: Крючок (1-я строка) | B4: Как выбрать … и не ошибиться? | C4: PlayToday, Mjölk | D4: Да
A5: Крючок (1-я строка) | B5: Какой цвет выберет ваш ребёнок? | C5: Oziti kids, Rudiks | D5: Да
A6: Крючок (1-я строка) | B6: Школьные брюки, в которых не мёрзнут | C6: O'STIN kids | D6: Да
A7: Призыв к действию | B7: Пишите в комментариях 1, 2 или 3 👇 | C7: Oziti kids, Acoola | D7: Да
A8: Призыв к действию | B8: Сохраняйте, чтобы не потерять 📌 | C8: Mjölk, Rudiks, Моделька | D8: Да
A9: Призыв к действию | B9: Отправьте подруге / сыну | C9: Rudiks | D9: Да
A10: Призыв к действию | B10: Делитесь своими лайфхаками в комментариях | C10: Mjölk, Gulliver | D10: План
A11: Позиционирование | B11: Российский производитель детской одежды | C11: Rudiks, Ramelka | D11: Да
A12: Позиционирование | B12: Модная / современная / стильная одежда для детей | C12: Gulliver, O'STIN kids | D12: Да
... A25: Поисковая фраза (имя профиля) | B25: Ivbaby | Детская одежда | C25: Batik, Ramelka, Oziti kids («Детская одежда | …») | D25: 16.10

Sheet Наши посты
A1: Дата | B1: ID в плане | C1: Товар | D1: Арт. WB | E1: Арт. Ozon | F1: Ссылка | G1: Охват | H1: Просмотры | I1: Лайки | J1: Комментарии | K1: Сохранения | L1: Репосты | M1: Вовлечённость, % | N1: Обновлено
A2: 46297 | B2: p01 | C2: Хит продаж: тёплый костюм для девочки | D2: 479991654 | E2: 2576298334 | F2: https://www.instagram.com/p/DeACb-NoFH1/ | G2: 48 | H2: 108 | I2: 3 | J2: 1 | K2: 0 | L2: 1 | M2: =IF(N(G2)>0,(I2+J2+K2+L2)/G2,"") | N2: 46323
A3: 46299 | B3: p02 | C3: Спортивный костюм с начёсом — 6 цветов | D3: 99670734 | E3: 857790815 | F3: https://www.instagram.com/p/DeFT4JdD7Yd/ | G3: 54 | H3: 141 | I3: 3 | J3: 0 | K3: 0 | L3: 0 | M3: =IF(N(G3)>0,(I3+J3+K3+L3)/G3,"") | N3: 46323
A4: 46302 | B4: p04 | C4: Утеплённые школьные брюки палаццо | D4: 481319471 | E4: 2581693697 | F4: https://www.instagram.com/reel/DeNP7SDDVXc/ | G4: 63 | H4: 63 | I4: 4 | J4: 0 | K4: 0 | L4: 0 | M4: =IF(N(G4)>0,(I4+J4+K4+L4)/G4,"") | N4: 46323
A5: 46304 | B5: p05 | C5: Костюм для девочки с принтом | D5: 479961106 | E5: 2581089081 | F5: https://www.instagram.com/p/DeSWbZgmSyf/ | G5: 39 | H5: 88 | I5: 2 | J5: 0 | K5: 0 | L5: 0 | M5: =IF(N(G5)>0,(I5+J5+K5+L5)/G5,"") | N5: 46323
A6: 46306 | B6: p06 | C6: Тёплый костюм для девочки — 4 оттенка | D6: 22061090 | E6: 856765298 | F6: https://www.instagram.com/p/DeXbwysGDVs/ | G6: 44 | H6: 110 | I6: 0 | J6: 0 | K6: 0 | L6: 0 | M6: =IF(N(G6)>0,(I6+J6+K6+L6)/G6,"") | N6: 46323
A7: 46309 | B7: p08 | C7: Двухцветный костюм для девочки | D7: 552519921 | E7: 3168656738 | F7: https://www.instagram.com/reel/DefPKxMAK8f/ | G7: 32 | H7: 43 | I7: 0 | J7: 0 | K7: 0 | L7: 0 | M7: =IF(N(G7)>0,(I7+J7+K7+L7)/G7,"") | N7: 46323
A8: 46311 | B8: p09 | C8: Спортивный костюм со шнуровкой | D8: 124002921 | E8: 855854788 | F8: https://www.instagram.com/p/DekO47WlkVn/ | G8: 37 | H8: 65 | I8: 2 | J8: 0 | K8: 0 | L8: 0 | M8: =IF(N(G8)>0,(I8+J8+K8+L8)/G8,"") | N8: 46323
A9: 46313 | B9: p10 | C9: Костюм с начёсом и принтом на спине | D9: 502796956 | E9: 2775992327 | F9: https://www.instagram.com/p/DepTivqnCbC/ | G9: 24 | H9: 36 | I9: 1 | J9: 0 | K9: 0 | L9: 0 | M9: =IF(N(G9)>0,(I9+J9+K9+L9)/G9,"") | N9: 46323
A10: 46314 | B10: p11 | C10: Тёплый костюм для мальчика с принтом | D10: 493757862 | E10: 2717792134 | F10: https://www.instagram.com/p/DesJDEuiRm8/ | G10: 31 | H10: 65 | I10: 3 | J10: 0 | K10: 0 | L10: 1 | M10: =IF(N(G10)>0,(I10+J10+K10+L10)/G10,"") | N10: 46323
A11: 46316 | B11: p12 | C11: Тёплый костюм с капюшоном: 7 цветов | D11: 88668054 | E11: 857790934 | F11: https://www.instagram.com/reel/DexK31oAuYN/ | G11: 72 | H11: 82 | I11: 1 | J11: 0 | K11: 0 | L11: 0 | M11: =IF(N(G11)>0,(I11+J11+K11+L11)/G11,"") | N11: 46323
A12: 46318 | B12: p13 | C12: Шпаргалка: как выбрать размер | D12: 52456955 | E12: 855854486 | F12: https://www.instagram.com/p/De2UHsaoH-M/ | G12: 34 | H12: 72 | I12: 0 | J12: 0 | K12: 0 | L12: 0 | M12: =IF(N(G12)>0,(I12+J12+K12+L12)/G12,"") | N12: 46323
A13: 46320 | B13: p14 | C13: Толстовка с начёсом для девочки | D13: 34564033 | E13: 955444538 | F13: https://www.instagram.com/p/De7W_jNGNKQ/ | G13: 18 | H13: 35 | I13: 0 | J13: 0 | K13: 0 | L13: 0 | M13: =IF(N(G13)>0,(I13+J13+K13+L13)/G13,"") | N13: 46323
... A15: 46323 | B15: p16 | C15: Флисовый костюм для мальчика | D15: 485253326 | E15: 2717792690 | F15: https://www.instagram.com/reel/DfDTI9eFHc0/ | G15: 0 | H15: 0 | I15: 0 | J15: 0 | K15: 0 | L15: 0 | M15: =IF(N(G15)>0,(I15+J15+K15+L15)/G15,"") | N15: 46323
